image,label
collected_data/20240804_173148006442.jpg,up
collected_data/20240804_173148205561.jpg,up
collected_data/20240804_173153425657.jpg,up
collected_data/20240804_173156842607.jpg,up
collected_data/20240804_173157042747.jpg,up
collected_data/20240804_173208493632.jpg,up
collected_data/20240804_173208693913.jpg,up
collected_data/20240804_173211501021.jpg,up
collected_data/20240804_173215929640.jpg,up
collected_data/20240804_173216120898.jpg,up
collected_data/20240804_173217934120.jpg,up
collected_data/20240804_173218133973.jpg,up
collected_data/20240804_173219341773.jpg,up
collected_data/20240804_173219542042.jpg,up
collected_data/20240804_173220945949.jpg,up
collected_data/20240804_173221150454.jpg,up
collected_data/20240804_173222958168.jpg,up
collected_data/20240804_173223158034.jpg,up
collected_data/20240804_173230390307.jpg,up
collected_data/20240804_173230590360.jpg,up
collected_data/20240804_173231993689.jpg,up
collected_data/20240804_173241634814.jpg,up
collected_data/20240804_173241833339.jpg,up
collected_data/20240804_173244051480.jpg,up
collected_data/20240804_173244251641.jpg,up
collected_data/20240804_173250069889.jpg,up
collected_data/20240804_173252486999.jpg,up
collected_data/20240804_173252686392.jpg,up
collected_data/20240804_173254091143.jpg,up
collected_data/20240804_173254294049.jpg,up
collected_data/20240804_173255698610.jpg,up
collected_data/20240804_173255898334.jpg,up
collected_data/20240804_173257106996.jpg,up
collected_data/20240804_173257306742.jpg,up
collected_data/20240804_173257506514.jpg,up
collected_data/20240804_173258517456.jpg,up
collected_data/20240804_173258709608.jpg,up
collected_data/20240804_173258914929.jpg,up
collected_data/20240804_173302327204.jpg,up
collected_data/20240804_173302530837.jpg,up
collected_data/20240804_173303935107.jpg,up
collected_data/20240804_173304134935.jpg,up
collected_data/20240804_173305343275.jpg,up
collected_data/20240804_173305542683.jpg,up
collected_data/20240804_173305743605.jpg,up
collected_data/20240804_173307551470.jpg,up
collected_data/20240804_173307750873.jpg,up
collected_data/20240804_173307954584.jpg,up
collected_data/20240804_173309359597.jpg,up
collected_data/20240804_173309558569.jpg,up
collected_data/20240804_173309759020.jpg,up
collected_data/20240804_173321411019.jpg,up
collected_data/20240804_173336478707.jpg,up
collected_data/20240804_173336678763.jpg,up
collected_data/20240804_173338687228.jpg,up
collected_data/20240804_173340295519.jpg,up
collected_data/20240804_173345918582.jpg,up
collected_data/20240804_173348933248.jpg,up
collected_data/20240804_173349131338.jpg,up
collected_data/20240804_173359176155.jpg,up
collected_data/20240804_173359375703.jpg,up
collected_data/20240804_173401988017.jpg,up
collected_data/20240804_173402194040.jpg,up
collected_data/20240804_173404199614.jpg,up
collected_data/20240804_173404398994.jpg,up
collected_data/20240804_173406207651.jpg,up
collected_data/20240804_173406415665.jpg,up
collected_data/20240804_173407823349.jpg,up
collected_data/20240804_173408015504.jpg,up
collected_data/20240804_173447789176.jpg,up
collected_data/20240804_173449797659.jpg,up
collected_data/20240804_173453013627.jpg,up
collected_data/20240804_173454017419.jpg,up
collected_data/20240804_173606336106.jpg,up
collected_data/20240804_173606533655.jpg,up
collected_data/20240804_173623206596.jpg,up
collected_data/20240804_173625021749.jpg,up
collected_data/20240804_173628831065.jpg,up
collected_data/20240804_173629030621.jpg,up
collected_data/20240804_173629231462.jpg,up
collected_data/20240804_173633450816.jpg,up
collected_data/20240804_173635058773.jpg,up
collected_data/20240804_173635258432.jpg,up
collected_data/20240804_173639275162.jpg,up
collected_data/20240804_173639478703.jpg,up
collected_data/20240804_173643494802.jpg,up
collected_data/20240804_173643694970.jpg,up
collected_data/20240804_173854865242.jpg,up
collected_data/20240804_173855064453.jpg,up
collected_data/20240804_173856672080.jpg,up
collected_data/20240804_173856877680.jpg,up
collected_data/20240804_173858076162.jpg,up
collected_data/20240804_173858285331.jpg,up
collected_data/20240804_173900089737.jpg,up
collected_data/20240804_173900287291.jpg,up
collected_data/20240804_173907122289.jpg,up
collected_data/20240804_173910337755.jpg,up
collected_data/20240804_173910537891.jpg,up
collected_data/20240804_173917165647.jpg,up
collected_data/20240804_173918774970.jpg,up
collected_data/20240804_173918974049.jpg,up
collected_data/20240804_173921386729.jpg,up
collected_data/20240804_173921585998.jpg,up
collected_data/20240804_173922990215.jpg,up
collected_data/20240804_173923194061.jpg,up
collected_data/20240804_173924598756.jpg,up
collected_data/20240804_173924797946.jpg,up
collected_data/20240804_173925001924.jpg,up
collected_data/20240804_173926405813.jpg,up
collected_data/20240804_173926606083.jpg,up
collected_data/20240804_173928013290.jpg,up
collected_data/20240804_173928214080.jpg,up
collected_data/20240804_173930222862.jpg,up
collected_data/20240804_173930422013.jpg,up
collected_data/20240804_173932230381.jpg,up
collected_data/20240804_173933638980.jpg,up
collected_data/20240804_173933838927.jpg,up
collected_data/20240804_173934033041.jpg,up
collected_data/20240804_173935248422.jpg,up
collected_data/20240804_173935446432.jpg,up
collected_data/20240804_173935646229.jpg,up
collected_data/20240804_173945690422.jpg,up
collected_data/20240804_173945890723.jpg,up
collected_data/20240804_173947298463.jpg,up
collected_data/20240804_173947498455.jpg,up
collected_data/20240804_174008395254.jpg,up
collected_data/20240804_174008590864.jpg,up
collected_data/20240804_174009595208.jpg,up
collected_data/20240804_174009798621.jpg,up
collected_data/20240804_174012407293.jpg,up
collected_data/20240804_174018032071.jpg,up
collected_data/20240804_174018231477.jpg,up
collected_data/20240804_174047160043.jpg,up
collected_data/20240804_174049572648.jpg,up
collected_data/20240804_174049771512.jpg,up
collected_data/20240804_174050776799.jpg,up
collected_data/20240804_174050975355.jpg,up
collected_data/20240804_174055394816.jpg,up
collected_data/20240804_174055595423.jpg,up
collected_data/20240804_174056599805.jpg,up
collected_data/20240804_174056798942.jpg,up
collected_data/20240804_174100412651.jpg,up
collected_data/20240804_174100619354.jpg,up
collected_data/20240804_174103632720.jpg,up
collected_data/20240804_174103831113.jpg,up
collected_data/20240804_174106643662.jpg,up
collected_data/20240804_174106844721.jpg,up
collected_data/20240804_174108046254.jpg,up
collected_data/20240804_174108252098.jpg,up
collected_data/20240804_174113677639.jpg,up
collected_data/20240804_174113876886.jpg,up
collected_data/20240804_174117492078.jpg,up
collected_data/20240804_174118891443.jpg,up
collected_data/20240804_174119100156.jpg,up
collected_data/20240804_174122511609.jpg,up
collected_data/20240804_174122715351.jpg,up
collected_data/20240804_174123714210.jpg,up
collected_data/20240804_174123919967.jpg,up
collected_data/20240804_174124119723.jpg,up
collected_data/20240804_174126731961.jpg,up
collected_data/20240804_174126931647.jpg,up
collected_data/20240804_174129743556.jpg,up
collected_data/20240804_174129944424.jpg,up
collected_data/20240804_174131356140.jpg,up
collected_data/20240804_174131552439.jpg,up
collected_data/20240804_174132762427.jpg,up
collected_data/20240804_174132959922.jpg,up
collected_data/20240804_174138182020.jpg,up
collected_data/20240804_174139588986.jpg,up
collected_data/20240804_174139788465.jpg,up
collected_data/20240804_174144403864.jpg,up
collected_data/20240804_174152845891.jpg,up
collected_data/20240804_174154052814.jpg,up
collected_data/20240804_174155456835.jpg,up
collected_data/20240804_174201485816.jpg,up
collected_data/20240804_174209921773.jpg,up
collected_data/20240804_174210925304.jpg,up
collected_data/20240804_174211935505.jpg,up
collected_data/20240804_174212129068.jpg,up
collected_data/20240804_174213537572.jpg,up
collected_data/20240804_174216349390.jpg,up
collected_data/20240804_174317618643.jpg,up
collected_data/20240804_174319622001.jpg,up
collected_data/20240804_174321025587.jpg,up
collected_data/20240804_174322041757.jpg,up
collected_data/20240804_174322238556.jpg,up
collected_data/20240804_174324847364.jpg,up
collected_data/20240804_174332682786.jpg,up
collected_data/20240804_174332881520.jpg,up
collected_data/20240804_174333686702.jpg,up
collected_data/20240804_174333886629.jpg,up
collected_data/20240804_174334691155.jpg,up
collected_data/20240804_174334890940.jpg,up
collected_data/20240804_174336902933.jpg,up
collected_data/20240804_174337102710.jpg,up
collected_data/20240804_174343127310.jpg,up
collected_data/20240804_174343331030.jpg,up
collected_data/20240804_174344334501.jpg,up
collected_data/20240804_174344534576.jpg,up
collected_data/20240804_174347347936.jpg,up
collected_data/20240804_174347546258.jpg,up
collected_data/20240804_174348551544.jpg,up
collected_data/20240804_174348750483.jpg,up
collected_data/20240804_174349758916.jpg,up
collected_data/20240804_174350966988.jpg,up
collected_data/20240804_174351162809.jpg,up
collected_data/20240804_174353575838.jpg,up
collected_data/20240804_174353774948.jpg,up
collected_data/20240804_174407031824.jpg,up
collected_data/20240804_174508100665.jpg,up
collected_data/20240804_174509100720.jpg,up
collected_data/20240804_174511717197.jpg,up
collected_data/20240804_174512921700.jpg,up
collected_data/20240804_174513118443.jpg,up
collected_data/20240804_174514324594.jpg,up
collected_data/20240804_174520957015.jpg,up
collected_data/20240804_174521157376.jpg,up
collected_data/20240804_174521961022.jpg,up
collected_data/20240804_174522161214.jpg,up
collected_data/20240804_174522965595.jpg,up
collected_data/20240804_174523164837.jpg,up
collected_data/20240804_174524166697.jpg,up
collected_data/20240804_174524369044.jpg,up
collected_data/20240804_174526782002.jpg,up
collected_data/20240804_174526985442.jpg,up
collected_data/20240804_174527785186.jpg,up
collected_data/20240804_174527985363.jpg,up
collected_data/20240804_174530597311.jpg,up
collected_data/20240804_174531596583.jpg,up
collected_data/20240804_174535616300.jpg,up
collected_data/20240804_174535821478.jpg,up
collected_data/20240804_174538434091.jpg,up
collected_data/20240804_174538634023.jpg,up
collected_data/20240804_174601333106.jpg,up
collected_data/20240804_174602338178.jpg,up
collected_data/20240804_174605750402.jpg,up
collected_data/20240804_174606554621.jpg,up
collected_data/20240804_174610370571.jpg,up
collected_data/20240804_174610573782.jpg,up
collected_data/20240804_174611576637.jpg,up
collected_data/20240804_174612582547.jpg,up
collected_data/20240804_174615393009.jpg,up
collected_data/20240804_174615601142.jpg,up
collected_data/20240804_174615794006.jpg,up
collected_data/20240804_174615997746.jpg,up
collected_data/20240804_174621616979.jpg,up
collected_data/20240804_174622425025.jpg,up
collected_data/20240804_174623424588.jpg,up
collected_data/20240804_174623626227.jpg,up
collected_data/20240804_174625638179.jpg,up
collected_data/20240804_174630058879.jpg,up
collected_data/20240804_174631063110.jpg,up
collected_data/20240804_174631665447.jpg,up
collected_data/20240804_174635078840.jpg,up
collected_data/20240804_174636083028.jpg,up
collected_data/20240804_174636286195.jpg,up
collected_data/20240804_174638894775.jpg,up
collected_data/20240804_174639699422.jpg,up
collected_data/20240804_174639903711.jpg,up
collected_data/20240804_174652757862.jpg,up
collected_data/20240804_174655367066.jpg,up
collected_data/20240804_174656775163.jpg,up
collected_data/20240804_174657984772.jpg,up
collected_data/20240804_174658178552.jpg,up
collected_data/20240804_174659185972.jpg,up
collected_data/20240804_174703602163.jpg,up
collected_data/20240804_174704607885.jpg,up
collected_data/20240804_174706619721.jpg,up
collected_data/20240804_174710434866.jpg,up
collected_data/20240804_174712243927.jpg,up
collected_data/20240804_174718061685.jpg,up
collected_data/20240804_174719270865.jpg,up
collected_data/20240804_174724095484.jpg,up
collected_data/20240804_174730319674.jpg,up
collected_data/20240804_174733335583.jpg,up
collected_data/20240804_174737146400.jpg,up
collected_data/20240804_174741572524.jpg,up
collected_data/20240804_174743578442.jpg,up
collected_data/20240804_174744783886.jpg,up
collected_data/20240804_174744982680.jpg,up
collected_data/20240804_174746791521.jpg,up
collected_data/20240804_174748200368.jpg,up
collected_data/20240804_174755022063.jpg,up
collected_data/20240804_174757036340.jpg,up
collected_data/20240804_174801455765.jpg,up
collected_data/20240804_174802461641.jpg,up
collected_data/20240804_174823752698.jpg,up
collected_data/20240804_174828976409.jpg,up
collected_data/20240804_174833597572.jpg,up
collected_data/20240804_174837012479.jpg,up
collected_data/20240804_174838017105.jpg,up
collected_data/20240804_174838821177.jpg,up
collected_data/20240804_174839425331.jpg,up
collected_data/20240804_174856097053.jpg,up
collected_data/20240804_174856297045.jpg,up
collected_data/20240804_174906144993.jpg,up
collected_data/20240804_174909352566.jpg,up
collected_data/20240804_174916585989.jpg,up
collected_data/20240804_174930840587.jpg,up
collected_data/20240804_174933458515.jpg,up
collected_data/20240804_175429355894.jpg,right
collected_data/20240804_175430959995.jpg,left
collected_data/20240804_175441003679.jpg,right
collected_data/20240804_175444216359.jpg,right
collected_data/20240804_175451043265.jpg,right
collected_data/20240804_175454260010.jpg,right
collected_data/20240804_175503500641.jpg,right
collected_data/20240804_175508320685.jpg,right
collected_data/20240804_175517359771.jpg,right
collected_data/20240804_175526204407.jpg,right
collected_data/20240804_175527614630.jpg,left
collected_data/20240804_175533029701.jpg,right
collected_data/20240804_175541458686.jpg,right
collected_data/20240804_175543072810.jpg,left
collected_data/20240804_175552313817.jpg,right
collected_data/20240804_175553721561.jpg,left
collected_data/20240804_175610997401.jpg,right
collected_data/20240804_175615818031.jpg,right
collected_data/20240804_175620237544.jpg,right
collected_data/20240804_175645140589.jpg,right
collected_data/20240804_175648160020.jpg,right
collected_data/20240804_175649162493.jpg,right
collected_data/20240804_175652977450.jpg,right
collected_data/20240804_175654386941.jpg,right
collected_data/20240804_175658002667.jpg,right
collected_data/20240804_175659006810.jpg,right
collected_data/20240804_175711863881.jpg,right
collected_data/20240804_175715277800.jpg,right
collected_data/20240804_175717289231.jpg,right
collected_data/20240804_175720698619.jpg,right
collected_data/20240804_175736167001.jpg,right
collected_data/20240804_175741191137.jpg,right
collected_data/20240804_175800672354.jpg,right
collected_data/20240804_175807504440.jpg,right
collected_data/20240804_175808712579.jpg,right
collected_data/20240804_175809910380.jpg,right
collected_data/20240804_175818949756.jpg,right
collected_data/20240804_175821164964.jpg,right
collected_data/20240804_175839645636.jpg,right
collected_data/20240804_175842056583.jpg,right
collected_data/20240804_175847076075.jpg,right
collected_data/20240804_175847883295.jpg,right
collected_data/20240804_175852499688.jpg,right
collected_data/20240804_175853306626.jpg,right
collected_data/20240804_175858124867.jpg,right
collected_data/20240804_175858728272.jpg,right
collected_data/20240804_175908369396.jpg,right
collected_data/20240804_175923231970.jpg,right
collected_data/20240804_175930868097.jpg,right
collected_data/20240804_175949947890.jpg,right
collected_data/20240804_175957181117.jpg,right
collected_data/20240804_175958184695.jpg,right
collected_data/20240804_180004208967.jpg,right
collected_data/20240804_180034950322.jpg,right
collected_data/20240804_180050215151.jpg,left
collected_data/20240804_180051219051.jpg,left
collected_data/20240804_180051817814.jpg,left
collected_data/20240804_180052626958.jpg,left
collected_data/20240804_180053431048.jpg,left
collected_data/20240804_180054434563.jpg,left
collected_data/20240804_180056244072.jpg,left
collected_data/20240804_180115733122.jpg,left
collected_data/20240804_180116531704.jpg,left
collected_data/20240804_180117334860.jpg,left
collected_data/20240804_180118139686.jpg,left
collected_data/20240804_180132009233.jpg,left
collected_data/20240804_180132599814.jpg,left
collected_data/20240804_180133807702.jpg,left
collected_data/20240804_180134408648.jpg,left
collected_data/20240804_180142044148.jpg,left
collected_data/20240804_180142644461.jpg,left
collected_data/20240804_180143248164.jpg,left
collected_data/20240804_180143852448.jpg,left
collected_data/20240804_180200319294.jpg,right
collected_data/20240804_180200924579.jpg,right
collected_data/20240804_180201728745.jpg,right
collected_data/20240804_180206548538.jpg,right
collected_data/20240804_180212378016.jpg,right
collected_data/20240804_180212978916.jpg,right
collected_data/20240804_180213581936.jpg,right
collected_data/20240804_180218000637.jpg,right
collected_data/20240804_180348395614.jpg,right
collected_data/20240804_180349598831.jpg,right
collected_data/20240804_180350805866.jpg,right
collected_data/20240804_180353014388.jpg,right
collected_data/20240804_180353821966.jpg,right
collected_data/20240804_180354822495.jpg,right
collected_data/20240804_180357834623.jpg,right
collected_data/20240804_180401450269.jpg,right
collected_data/20240804_180405060869.jpg,right
collected_data/20240804_180415110502.jpg,right
collected_data/20240804_180420136080.jpg,right
collected_data/20240804_180523403157.jpg,right
collected_data/20240804_180531445200.jpg,right
collected_data/20240804_180532851447.jpg,right
collected_data/20240804_180533856929.jpg,right
collected_data/20240804_180534660551.jpg,right
collected_data/20240804_180535658598.jpg,right
collected_data/20240804_180541888579.jpg,right
collected_data/20240804_180548116796.jpg,right
collected_data/20240804_180549718845.jpg,right
collected_data/20240804_180550925770.jpg,right
collected_data/20240804_180553536003.jpg,right
collected_data/20240804_180557556374.jpg,right
collected_data/20240804_180608005114.jpg,right
collected_data/20240804_180709674019.jpg,right
collected_data/20240804_180716706749.jpg,right
collected_data/20240804_180721725810.jpg,right
collected_data/20240804_180735186325.jpg,right
collected_data/20240804_180746234358.jpg,right
collected_data/20240804_180751448990.jpg,right
collected_data/20240804_180754666045.jpg,right
collected_data/20240804_180759690673.jpg,right
collected_data/20240804_180804515212.jpg,right
collected_data/20240804_180805718786.jpg,right
collected_data/20240804_180810951284.jpg,right
collected_data/20240804_180811947142.jpg,right
collected_data/20240804_180813146419.jpg,right
collected_data/20240804_180814349736.jpg,right
collected_data/20240804_180818374788.jpg,right
collected_data/20240804_180835041823.jpg,right
collected_data/20240804_180836460726.jpg,left
collected_data/20240804_180843683873.jpg,right
collected_data/20240804_180851714194.jpg,right
collected_data/20240804_180857343151.jpg,right
collected_data/20240804_180858351195.jpg,right
collected_data/20240804_180900760578.jpg,right
collected_data/20240804_180900959647.jpg,right
collected_data/20240804_180902968070.jpg,right
collected_data/20240804_180903168308.jpg,right
collected_data/20240804_180905379371.jpg,right
collected_data/20240804_180907587014.jpg,right
collected_data/20240804_180910805053.jpg,right
collected_data/20240804_180914024516.jpg,right
collected_data/20240804_180915023661.jpg,right
collected_data/20240804_180915625091.jpg,right
collected_data/20240804_180919441299.jpg,right
collected_data/20240804_180920643650.jpg,right
collected_data/20240804_180928480903.jpg,left
collected_data/20240804_180931693864.jpg,right
collected_data/20240804_180940334631.jpg,right
collected_data/20240804_180945154681.jpg,right
collected_data/20240804_180953591318.jpg,right
collected_data/20240804_180955801984.jpg,right
collected_data/20240804_181016290691.jpg,right
collected_data/20240804_181016495743.jpg,right
collected_data/20240804_181020105327.jpg,right
collected_data/20240804_181024326582.jpg,right
collected_data/20240804_181026534948.jpg,right
collected_data/20240804_181026733502.jpg,right
collected_data/20240804_181030151559.jpg,right
collected_data/20240804_181030352004.jpg,right
collected_data/20240804_181031354695.jpg,right
collected_data/20240804_181032761770.jpg,right
collected_data/20240804_181034973024.jpg,right
collected_data/20240804_181038984515.jpg,right
collected_data/20240804_181046423376.jpg,right
collected_data/20240804_181054853774.jpg,right
collected_data/20240804_181058474305.jpg,right
collected_data/20240804_181102692175.jpg,right
collected_data/20240804_181106501179.jpg,right
collected_data/20240804_181132423292.jpg,right
collected_data/20240804_181139250890.jpg,right
collected_data/20240804_181145278870.jpg,right
collected_data/20240804_181155924135.jpg,left
collected_data/20240804_181319893273.jpg,left
collected_data/20240804_181320896330.jpg,left
collected_data/20240804_181322100850.jpg,left
collected_data/20240804_181658446300.jpg,left
collected_data/20240804_181659453893.jpg,left
collected_data/20240804_181706082328.jpg,left
collected_data/20240804_181720340358.jpg,left
collected_data/20240804_181748666726.jpg,left
collected_data/20240804_181748866488.jpg,left
collected_data/20240804_181750071857.jpg,left
collected_data/20240804_181757103290.jpg,left
collected_data/20240804_181757707918.jpg,left
collected_data/20240804_181757907158.jpg,left
collected_data/20240804_181803726155.jpg,left
collected_data/20240804_181816787911.jpg,right
collected_data/20240804_181817592506.jpg,right
collected_data/20240804_181818596174.jpg,right
collected_data/20240804_181819601469.jpg,right
collected_data/20240804_181820608817.jpg,right
collected_data/20240804_181825627550.jpg,right
collected_data/20240804_181826626428.jpg,right
collected_data/20240804_181827429446.jpg,right
collected_data/20240804_181833259743.jpg,right
collected_data/20240804_181837879351.jpg,right
collected_data/20240804_181838690656.jpg,right
collected_data/20240804_181843504309.jpg,right
collected_data/20240804_181844312370.jpg,right
collected_data/20240804_181844511584.jpg,right
collected_data/20240804_181846115956.jpg,right
collected_data/20240804_181850135606.jpg,right
collected_data/20240804_181851139340.jpg,right
collected_data/20240804_181851539932.jpg,right
collected_data/20240804_181851739683.jpg,right
collected_data/20240804_181856963661.jpg,right
collected_data/20240804_181857768031.jpg,right
collected_data/20240804_181857968799.jpg,right
collected_data/20240804_181921068167.jpg,right
collected_data/20240804_181922275932.jpg,right
collected_data/20240804_181926293451.jpg,right
collected_data/20240804_181926495449.jpg,right
collected_data/20240804_181927493352.jpg,right
collected_data/20240804_181929110741.jpg,left
collected_data/20240804_181935734435.jpg,right
collected_data/20240804_181942156135.jpg,right
collected_data/20240804_181957637099.jpg,right
collected_data/20240804_182025144039.jpg,right
collected_data/20240804_182058699744.jpg,right
collected_data/20240804_182059703179.jpg,right
collected_data/20240804_182105527587.jpg,right
collected_data/20240804_182116175581.jpg,right
collected_data/20240804_182203379244.jpg,right
collected_data/20240804_182203579049.jpg,right
collected_data/20240804_182206191744.jpg,right
collected_data/20240804_182208611334.jpg,right
collected_data/20240804_182209404571.jpg,right
collected_data/20240804_182209607649.jpg,right
collected_data/20240804_182213218925.jpg,right
collected_data/20240804_182213418565.jpg,right
collected_data/20240804_182214427389.jpg,right
collected_data/20240804_182217640258.jpg,right
collected_data/20240804_182230097960.jpg,right
collected_data/20240804_182250585624.jpg,right
collected_data/20240804_182252797357.jpg,right
collected_data/20240804_182302835415.jpg,right
collected_data/20240804_182306255950.jpg,right
collected_data/20240804_182317899557.jpg,right
collected_data/20240804_182326950082.jpg,right
collected_data/20240804_182333973621.jpg,right
collected_data/20240804_182340599888.jpg,right
collected_data/20240804_182341811011.jpg,right
collected_data/20240804_182344822626.jpg,right
collected_data/20240804_182350246507.jpg,right
collected_data/20240804_182354261221.jpg,right
collected_data/20240804_182358277665.jpg,right
collected_data/20240804_182401698595.jpg,right
collected_data/20240804_182413346892.jpg,right
collected_data/20240804_182417366335.jpg,right
collected_data/20240804_182426202090.jpg,right
collected_data/20240804_182434433651.jpg,right
collected_data/20240804_182436047232.jpg,right
collected_data/20240804_182504372797.jpg,left
collected_data/20240804_182532292429.jpg,right
collected_data/20240804_182536109166.jpg,right
collected_data/20240804_182539325156.jpg,right
collected_data/20240804_182540527549.jpg,right
collected_data/20240804_182543541594.jpg,right
collected_data/20240804_182544344489.jpg,right
collected_data/20240804_182547960539.jpg,right
collected_data/20240804_182550772259.jpg,right
collected_data/20240804_182553585263.jpg,right
collected_data/20240804_182554382477.jpg,right
collected_data/20240804_182557604496.jpg,right
collected_data/20240804_182558203566.jpg,right
collected_data/20240804_182558815545.jpg,right
collected_data/20240804_182601820664.jpg,right
collected_data/20240804_182602621891.jpg,right
collected_data/20240804_182603827510.jpg,right
collected_data/20240804_182605035693.jpg,right
collected_data/20240804_182609857504.jpg,right
collected_data/20240804_182610855294.jpg,right
collected_data/20240804_182611864654.jpg,right
collected_data/20240804_182615681408.jpg,right
collected_data/20240804_182617089064.jpg,right
collected_data/20240804_182617688481.jpg,right
collected_data/20240804_182619296299.jpg,right
collected_data/20240804_182621505971.jpg,right
collected_data/20240804_182622512967.jpg,right
collected_data/20240804_182624521878.jpg,right
collected_data/20240804_182642595128.jpg,right
collected_data/20240804_182647421570.jpg,right
collected_data/20240804_182658673619.jpg,right
collected_data/20240804_182707710380.jpg,right
collected_data/20240804_182710922424.jpg,right
collected_data/20240804_182717349111.jpg,right
collected_data/20240804_182718758278.jpg,right
collected_data/20240804_182723983557.jpg,right
collected_data/20240804_182724777445.jpg,right
collected_data/20240804_182725586522.jpg,right
collected_data/20240804_182730006507.jpg,right
collected_data/20240804_182730611952.jpg,right
collected_data/20240804_182748087528.jpg,right
collected_data/20240804_182748687346.jpg,right
collected_data/20240804_182749291459.jpg,right
collected_data/20240804_182752906784.jpg,right
collected_data/20240804_182753511247.jpg,right
collected_data/20240804_182754114565.jpg,right
collected_data/20240804_182758725460.jpg,right
collected_data/20240804_182759342205.jpg,right
collected_data/20240804_182806566874.jpg,right
collected_data/20240804_182807571011.jpg,right
collected_data/20240804_182824643398.jpg,right
collected_data/20240804_182859997330.jpg,right
collected_data/20240804_182905020963.jpg,right
collected_data/20240804_182908040076.jpg,right
collected_data/20240804_182919094469.jpg,right
collected_data/20240804_183011314237.jpg,left
collected_data/20240804_183015325103.jpg,left
collected_data/20240804_183015946438.jpg,left
collected_data/20240804_183017332506.jpg,left
collected_data/20240804_183018140837.jpg,left
collected_data/20240804_183022361923.jpg,left
collected_data/20240804_183043450130.jpg,left
collected_data/20240804_183044054049.jpg,left
collected_data/20240804_183047272281.jpg,left
collected_data/20240804_183047870798.jpg,left
collected_data/20240804_183048469520.jpg,left
collected_data/20240804_183049078133.jpg,left
collected_data/20240804_183049679188.jpg,left
collected_data/20240804_183054298580.jpg,left
collected_data/20240804_183054900106.jpg,left
collected_data/20240804_183058114611.jpg,left
collected_data/20240804_183058918817.jpg,left
collected_data/20240804_183103141382.jpg,left
collected_data/20240804_183103943186.jpg,left
collected_data/20240804_183112178937.jpg,right
collected_data/20240804_183112781748.jpg,right
collected_data/20240804_183117603297.jpg,right
collected_data/20240804_183118402845.jpg,right
collected_data/20240804_183122823598.jpg,right
collected_data/20240804_183123427596.jpg,right
collected_data/20240804_183124031973.jpg,right
collected_data/20240804_183128851400.jpg,right
collected_data/20240804_183146721549.jpg,right
collected_data/20240804_183155568578.jpg,right
collected_data/20240804_183201188924.jpg,right
collected_data/20240804_183205807108.jpg,right
collected_data/20240804_183206416294.jpg,right
collected_data/20240804_183211436160.jpg,right
collected_data/20240804_183212042543.jpg,right
collected_data/20240804_183230515321.jpg,right
collected_data/20240804_183231124619.jpg,right
collected_data/20240804_183231919627.jpg,right
collected_data/20240804_183233732509.jpg,right
collected_data/20240804_183237148716.jpg,right
collected_data/20240804_183237953889.jpg,right
collected_data/20240804_183239157050.jpg,right
collected_data/20240804_183240364482.jpg,right
collected_data/20240804_183244985405.jpg,right
collected_data/20240804_183249200236.jpg,right
collected_data/20240804_183254825625.jpg,right
collected_data/20240804_183303666378.jpg,right
collected_data/20240804_183320141410.jpg,right
collected_data/20240804_183321343234.jpg,right
collected_data/20240804_183327969115.jpg,left
collected_data/20240804_183338220530.jpg,right
collected_data/20240804_183342434493.jpg,right
collected_data/20240804_183343232687.jpg,right
collected_data/20240804_183407745181.jpg,right
collected_data/20240804_183408347115.jpg,right
collected_data/20240804_183408950877.jpg,right
collected_data/20240804_183409553983.jpg,right
collected_data/20240804_183410154581.jpg,right
collected_data/20240804_183410753008.jpg,right
collected_data/20240804_183413970938.jpg,right
collected_data/20240804_183414774263.jpg,right
collected_data/20240804_183513835558.jpg,right
collected_data/20240804_183523275895.jpg,right
collected_data/20240804_183607065369.jpg,left
collected_data/20240804_183617711717.jpg,left
collected_data/20240804_183645841544.jpg,left
collected_data/20240804_183711744583.jpg,left
collected_data/20240804_183814423020.jpg,left
collected_data/20240804_183846762508.jpg,left
collected_data/20240804_183848972047.jpg,left
collected_data/20240804_183858815617.jpg,left
collected_data/20240804_183859620603.jpg,left
collected_data/20240804_183900818733.jpg,left
collected_data/20240804_183905040048.jpg,left
collected_data/20240804_183914684369.jpg,left
collected_data/20240804_183919104846.jpg,left
collected_data/20240804_183920108659.jpg,left
collected_data/20240804_183923323567.jpg,left
collected_data/20240804_183924129189.jpg,left
collected_data/20240804_183924328548.jpg,left
collected_data/20240804_183927744420.jpg,left
collected_data/20240804_183957873431.jpg,left
collected_data/20240804_184023789303.jpg,left
collected_data/20240804_184025193484.jpg,left
collected_data/20240804_184028610459.jpg,left
collected_data/20240804_184034838191.jpg,left
collected_data/20240804_184042269063.jpg,left
collected_data/20240804_184049293109.jpg,left
collected_data/20240804_184050108467.jpg,left
collected_data/20240804_184050300488.jpg,left
collected_data/20240804_184051100692.jpg,left
collected_data/20240804_184054721893.jpg,left
collected_data/20240804_184055526258.jpg,left
collected_data/20240804_184058741331.jpg,left
collected_data/20240804_184058937564.jpg,left
collected_data/20240804_184214072914.jpg,left
collected_data/20240804_184214270459.jpg,left
collected_data/20240804_184217484650.jpg,left
collected_data/20240804_184223311470.jpg,left
collected_data/20240804_184229132124.jpg,left
collected_data/20240804_184230139638.jpg,left
collected_data/20240804_184233956559.jpg,left
collected_data/20240804_184239978898.jpg,left
collected_data/20240804_184243397276.jpg,left
collected_data/20240804_184245808782.jpg,left
collected_data/20240804_184248017371.jpg,left
collected_data/20240804_184249826106.jpg,left
collected_data/20240804_184253240899.jpg,left
collected_data/20240804_184333816982.jpg,left
collected_data/20240804_184348482250.jpg,left
collected_data/20240804_184349487017.jpg,left
collected_data/20240804_184350492678.jpg,left
collected_data/20240804_184351498706.jpg,left
collected_data/20240804_184358929316.jpg,left
collected_data/20240804_184359730038.jpg,left
collected_data/20240804_184404953988.jpg,left
collected_data/20240804_184405758869.jpg,left
collected_data/20240804_184409174851.jpg,left
collected_data/20240804_184409978075.jpg,left
collected_data/20240804_184410181063.jpg,left
collected_data/20240804_184410378075.jpg,left
collected_data/20240804_184410976428.jpg,left
collected_data/20240804_184419819150.jpg,left
collected_data/20240804_184458186936.jpg,left
collected_data/20240804_184458990863.jpg,left
collected_data/20240804_184502806823.jpg,left
collected_data/20240804_184503605087.jpg,left
collected_data/20240804_184511044488.jpg,left
collected_data/20240804_184511848011.jpg,left
collected_data/20240804_184512651464.jpg,left
collected_data/20240804_184530931534.jpg,left
collected_data/20240804_184531531638.jpg,left
collected_data/20240804_184535953749.jpg,left
collected_data/20240804_184536555644.jpg,left
collected_data/20240804_184537156500.jpg,left
collected_data/20240804_184537759787.jpg,left
collected_data/20240804_184538364284.jpg,left
collected_data/20240804_184539167374.jpg,left
collected_data/20240804_184539767345.jpg,left
collected_data/20240804_184545795340.jpg,left
collected_data/20240804_184634616582.jpg,left
collected_data/20240804_184634808738.jpg,left
collected_data/20240804_184635407841.jpg,left
collected_data/20240804_184638827914.jpg,left
collected_data/20240804_184639428967.jpg,left
collected_data/20240804_184644249726.jpg,left
collected_data/20240804_184656906302.jpg,left
collected_data/20240804_184657509206.jpg,left
collected_data/20240804_184703534303.jpg,left
collected_data/20240804_184704137183.jpg,left
collected_data/20240804_184704741241.jpg,left
collected_data/20240804_184708558048.jpg,left
collected_data/20240804_184709163643.jpg,left
collected_data/20240804_184741098323.jpg,left
collected_data/20240804_184823484277.jpg,left
collected_data/20240804_184831125419.jpg,left
collected_data/20240804_184831719440.jpg,left
collected_data/20240804_184832323345.jpg,left
collected_data/20240804_184832926720.jpg,left
collected_data/20240804_184833527062.jpg,left
collected_data/20240804_184836140407.jpg,left
collected_data/20240804_184836943245.jpg,left
collected_data/20240804_184853216498.jpg,left
collected_data/20240804_184853816153.jpg,left
collected_data/20240804_184854813333.jpg,left
collected_data/20240804_184855417628.jpg,left
collected_data/20240804_184855823879.jpg,left
collected_data/20240804_184900647959.jpg,left
collected_data/20240804_184901248510.jpg,left
collected_data/20240804_184904262936.jpg,left
collected_data/20240804_184906467038.jpg,left
collected_data/20240804_185005329039.jpg,left
collected_data/20240804_185009343651.jpg,left
collected_data/20240804_185012763763.jpg,left
collected_data/20240804_185013759152.jpg,left
collected_data/20240804_185016781113.jpg,left
collected_data/20240804_185025217393.jpg,left
collected_data/20240804_185025818570.jpg,left
collected_data/20240804_185028623380.jpg,left
collected_data/20240804_185029637565.jpg,left
collected_data/20240804_185030436656.jpg,left
collected_data/20240804_185031041928.jpg,left
collected_data/20240804_185036264473.jpg,left
collected_data/20240804_185040884822.jpg,left
collected_data/20240804_185041893541.jpg,left
collected_data/20240804_185043092904.jpg,left
collected_data/20240804_185151192099.jpg,left
collected_data/20240804_185151789238.jpg,left
collected_data/20240804_185157012653.jpg,left
collected_data/20240804_185157618578.jpg,left
collected_data/20240804_185158221914.jpg,left
collected_data/20240804_185204451171.jpg,left
collected_data/20240804_185209471384.jpg,left
collected_data/20240804_185210068961.jpg,left
collected_data/20240804_185213287069.jpg,left
collected_data/20240804_185213890980.jpg,left
collected_data/20240804_185219915436.jpg,left
collected_data/20240804_185220519724.jpg,left
collected_data/20240804_185223735818.jpg,left
collected_data/20240804_185224739339.jpg,left
collected_data/20240804_185305717006.jpg,left
collected_data/20240804_185306320271.jpg,left
collected_data/20240804_185306924333.jpg,left
collected_data/20240804_185312948301.jpg,left
collected_data/20240804_185316966863.jpg,left
collected_data/20240804_185324196486.jpg,left
collected_data/20240804_185335449243.jpg,left
collected_data/20240804_185339866030.jpg,left
collected_data/20240804_185340467210.jpg,left
collected_data/20240804_185345088566.jpg,left
collected_data/20240804_185345686098.jpg,left
collected_data/20240804_185353525131.jpg,left
collected_data/20240804_185354130254.jpg,left
collected_data/20240804_185404776060.jpg,left
collected_data/20240804_185455190441.jpg,left
collected_data/20240804_185455997600.jpg,left
collected_data/20240804_185456601458.jpg,left
collected_data/20240804_185459415523.jpg,left
collected_data/20240804_185500018288.jpg,left
collected_data/20240804_185500616954.jpg,left
collected_data/20240804_185501221732.jpg,left
collected_data/20240804_185507649285.jpg,left
collected_data/20240804_185520500555.jpg,left
collected_data/20240804_185521109604.jpg,left
collected_data/20240804_185545618175.jpg,left
collected_data/20240804_185549425837.jpg,left
collected_data/20240804_185550235209.jpg,left
collected_data/20240804_185557066601.jpg,left
collected_data/20240804_185707171501.jpg,left
collected_data/20240804_185707774865.jpg,left
collected_data/20240804_185708370255.jpg,left
collected_data/20240804_185708780024.jpg,left
collected_data/20240804_185714805551.jpg,left
collected_data/20240804_185715408858.jpg,left
collected_data/20240804_185726255869.jpg,left
collected_data/20240804_185734288122.jpg,left
collected_data/20240804_185738107120.jpg,left
collected_data/20240804_185741119918.jpg,left
collected_data/20240804_185746743675.jpg,left
collected_data/20240804_185747548916.jpg,left
collected_data/20240804_185748553458.jpg,left
collected_data/20240804_185750354964.jpg,left
collected_data/20240804_185750964032.jpg,left
collected_data/20240804_185751770015.jpg,left
collected_data/20240804_185755579887.jpg,left
collected_data/20240804_185756380148.jpg,left
collected_data/20240804_185756989061.jpg,left
collected_data/20240804_185923566580.jpg,left
collected_data/20240804_185924171030.jpg,left
collected_data/20240804_185924774818.jpg,left
collected_data/20240804_185925574294.jpg,left
collected_data/20240804_185929594414.jpg,left
collected_data/20240804_185930599011.jpg,left
collected_data/20240804_185936629165.jpg,left
collected_data/20240804_185945062510.jpg,left
collected_data/20240804_185945863032.jpg,left
collected_data/20240804_185949079026.jpg,left
collected_data/20240804_185953298617.jpg,left
collected_data/20240804_185953898490.jpg,left
collected_data/20240804_185956907869.jpg,left
collected_data/20240804_185957514343.jpg,left
collected_data/20240804_185958513784.jpg,left
collected_data/20240804_185959122971.jpg,left
collected_data/20240804_190001735337.jpg,left
collected_data/20240804_190002329618.jpg,left
collected_data/20240804_190005345698.jpg,left
collected_data/20240804_190009561918.jpg,left
collected_data/20240804_190102800536.jpg,left
collected_data/20240804_190103406668.jpg,left
collected_data/20240804_190104004304.jpg,left
collected_data/20240804_190107824277.jpg,left
collected_data/20240804_190108418501.jpg,left
collected_data/20240804_190109228071.jpg,left
collected_data/20240804_190118264956.jpg,left
collected_data/20240804_190121479877.jpg,left
collected_data/20240804_190125900730.jpg,left
collected_data/20240804_190126707264.jpg,left
collected_data/20240804_190128512867.jpg,left
collected_data/20240804_190131924483.jpg,left
collected_data/20240804_190132529083.jpg,left
collected_data/20240804_190136349302.jpg,left
collected_data/20240804_190140363616.jpg,left
collected_data/20240804_190143775234.jpg,left
collected_data/20240804_190149204834.jpg,left
collected_data/20240804_190221745852.jpg,left
collected_data/20240804_190222349553.jpg,left
collected_data/20240804_190225762878.jpg,left
collected_data/20240804_190237814150.jpg,left
collected_data/20240804_190238418040.jpg,left
collected_data/20240804_190239022133.jpg,left
collected_data/20240804_190239620350.jpg,left
collected_data/20240804_190240226695.jpg,left
collected_data/20240804_190240828784.jpg,left
collected_data/20240804_190245649829.jpg,left
collected_data/20240804_190246051049.jpg,left
collected_data/20240804_190246254278.jpg,left
collected_data/20240804_190249460924.jpg,left
collected_data/20240804_190255091024.jpg,left
collected_data/20240804_190255694753.jpg,left
collected_data/20240804_190256498658.jpg,left
collected_data/20240804_190257094345.jpg,left
collected_data/20240804_190419855238.jpg,obstacle
collected_data/20240804_190428165479.jpg,obstacle
collected_data/20240804_190524714611.jpg,obstacle
collected_data/20240804_190527967410.jpg,obstacle
collected_data/20240804_190550537794.jpg,obstacle
collected_data/20240804_190625274905.jpg,obstacle
collected_data/20240804_190629101455.jpg,obstacle
collected_data/20240804_190705814816.jpg,obstacle
collected_data/20240804_190708835369.jpg,obstacle
collected_data/20240804_190743101763.jpg,obstacle
collected_data/20240804_190922630925.jpg,obstacle
collected_data/20240804_191038143213.jpg,obstacle
collected_data/20240804_191038278821.jpg,obstacle
collected_data/20240804_191038438240.jpg,obstacle
collected_data/20240804_191038605408.jpg,obstacle
collected_data/20240804_191038960321.jpg,obstacle
collected_data/20240804_191039365064.jpg,obstacle
collected_data/20240804_191039770330.jpg,obstacle
collected_data/20240804_191040168430.jpg,obstacle
collected_data/20240804_191040572032.jpg,obstacle
collected_data/20240804_191040971499.jpg,obstacle
collected_data/20240804_191041373900.jpg,obstacle
collected_data/20240804_191041776645.jpg,obstacle
collected_data/20240804_191042176550.jpg,obstacle
collected_data/20240804_191042579445.jpg,obstacle
collected_data/20240804_191042981035.jpg,obstacle
collected_data/20240804_191043384363.jpg,obstacle
collected_data/20240804_191043784456.jpg,obstacle
collected_data/20240804_191044183051.jpg,obstacle
collected_data/20240804_191044588497.jpg,obstacle
collected_data/20240804_191044988444.jpg,obstacle
collected_data/20240804_191045392949.jpg,obstacle
collected_data/20240804_191045792900.jpg,obstacle
collected_data/20240804_191046195972.jpg,obstacle
collected_data/20240804_191116662600.jpg,obstacle
collected_data/20240804_191119715090.jpg,obstacle
collected_data/20240804_191120227268.jpg,obstacle
collected_data/20240804_191120535562.jpg,obstacle
collected_data/20240804_191120945045.jpg,obstacle
collected_data/20240804_191121278364.jpg,obstacle
collected_data/20240804_191121686672.jpg,obstacle
collected_data/20240804_191122087180.jpg,obstacle
collected_data/20240804_191122486809.jpg,obstacle
collected_data/20240804_191122890931.jpg,obstacle
collected_data/20240804_191123291693.jpg,obstacle
collected_data/20240804_191123694697.jpg,obstacle
collected_data/20240804_191124094832.jpg,obstacle
collected_data/20240804_191124499198.jpg,obstacle
collected_data/20240804_191124899464.jpg,obstacle
collected_data/20240804_191125298812.jpg,obstacle
collected_data/20240804_191125702718.jpg,obstacle
collected_data/20240804_191126102878.jpg,obstacle
collected_data/20240804_191126506899.jpg,obstacle
collected_data/20240804_191126906822.jpg,obstacle
collected_data/20240804_191127311458.jpg,obstacle
collected_data/20240804_191127710863.jpg,obstacle
collected_data/20240804_191128114774.jpg,obstacle
collected_data/20240804_191128514599.jpg,obstacle
collected_data/20240804_191128914966.jpg,obstacle
collected_data/20240804_191129318742.jpg,obstacle
collected_data/20240804_191129718218.jpg,obstacle
collected_data/20240804_191152320676.jpg,obstacle
collected_data/20240804_191153097981.jpg,obstacle
collected_data/20240804_191153252889.jpg,obstacle
collected_data/20240804_191153685265.jpg,obstacle
collected_data/20240804_191154121956.jpg,obstacle
collected_data/20240804_191154430778.jpg,obstacle
collected_data/20240804_191154839838.jpg,obstacle
collected_data/20240804_191155249199.jpg,obstacle
collected_data/20240804_191155761907.jpg,obstacle
collected_data/20240804_191249331679.jpg,obstacle
collected_data/20240804_191249731759.jpg,obstacle
collected_data/20240804_191250135878.jpg,obstacle
collected_data/20240804_191250535730.jpg,obstacle
collected_data/20240804_191250936624.jpg,obstacle
collected_data/20240804_191251335291.jpg,obstacle
collected_data/20240804_191251740618.jpg,obstacle
collected_data/20240804_191252143924.jpg,obstacle
collected_data/20240804_191252544637.jpg,obstacle
collected_data/20240804_191252947682.jpg,obstacle
collected_data/20240804_191253348585.jpg,obstacle
collected_data/20240804_191253749002.jpg,obstacle
collected_data/20240804_191254152809.jpg,obstacle
collected_data/20240804_191254552944.jpg,obstacle
collected_data/20240804_191254956953.jpg,obstacle
collected_data/20240804_191255357746.jpg,obstacle
collected_data/20240804_191255760612.jpg,obstacle
collected_data/20240804_191256160522.jpg,obstacle
collected_data/20240804_191256563358.jpg,obstacle
collected_data/20240804_191256959621.jpg,obstacle
collected_data/20240804_191257363586.jpg,obstacle
collected_data/20240804_191257768673.jpg,obstacle
collected_data/20240804_191258168502.jpg,obstacle
collected_data/20240804_191258572014.jpg,obstacle
collected_data/20240804_191258971647.jpg,obstacle
collected_data/20240804_191259377332.jpg,obstacle
collected_data/20240804_191259775925.jpg,obstacle
collected_data/20240804_191300176731.jpg,obstacle
collected_data/20240804_191300580913.jpg,obstacle
collected_data/20240804_191300980126.jpg,obstacle
collected_data/20240804_191301384075.jpg,obstacle
collected_data/20240804_191301784786.jpg,obstacle
collected_data/20240804_191302188044.jpg,obstacle
collected_data/20240804_191302588760.jpg,obstacle
collected_data/20240804_191302992148.jpg,obstacle
collected_data/20240804_191303393233.jpg,obstacle
collected_data/20240804_191303796596.jpg,obstacle
collected_data/20240804_191304196078.jpg,obstacle
collected_data/20240804_191304597078.jpg,obstacle
collected_data/20240804_191305000108.jpg,obstacle
collected_data/20240804_191305400836.jpg,obstacle
collected_data/20240804_191305804696.jpg,obstacle
collected_data/20240804_191306204305.jpg,obstacle
collected_data/20240804_191306604224.jpg,obstacle
collected_data/20240804_191307008833.jpg,obstacle
collected_data/20240804_191307409064.jpg,obstacle
collected_data/20240804_191307812159.jpg,obstacle
collected_data/20240804_191308211998.jpg,obstacle
collected_data/20240804_191308616287.jpg,obstacle
collected_data/20240804_191309017101.jpg,obstacle
collected_data/20240804_191309420876.jpg,obstacle
collected_data/20240804_191309820159.jpg,obstacle
collected_data/20240804_191310222035.jpg,obstacle
collected_data/20240804_191310624877.jpg,obstacle
collected_data/20240804_191311024986.jpg,obstacle
collected_data/20240804_191311425085.jpg,obstacle
collected_data/20240804_191311828927.jpg,obstacle
collected_data/20240804_191312232991.jpg,obstacle
collected_data/20240804_191312632980.jpg,obstacle
collected_data/20240804_191336678558.jpg,obstacle
collected_data/20240804_191337753632.jpg,obstacle
collected_data/20240804_191338086615.jpg,obstacle
collected_data/20240804_191338486586.jpg,obstacle
collected_data/20240804_191338890618.jpg,obstacle
collected_data/20240804_191339290149.jpg,obstacle
collected_data/20240804_191339690775.jpg,obstacle
collected_data/20240804_191340094825.jpg,obstacle
collected_data/20240804_191340494668.jpg,obstacle
collected_data/20240804_191340898705.jpg,obstacle
collected_data/20240804_191341299505.jpg,obstacle
collected_data/20240804_191341702626.jpg,obstacle
collected_data/20240804_191342102749.jpg,obstacle
collected_data/20240804_191342507936.jpg,obstacle
collected_data/20240804_191342906710.jpg,obstacle
collected_data/20240804_191343306777.jpg,obstacle
collected_data/20240804_191343710607.jpg,obstacle
collected_data/20240804_191344111580.jpg,obstacle
collected_data/20240804_191344514666.jpg,obstacle
collected_data/20240804_191346663052.jpg,obstacle
collected_data/20240804_191346799828.jpg,obstacle
collected_data/20240804_191411282066.jpg,obstacle
collected_data/20240804_191412057793.jpg,obstacle
collected_data/20240804_191412577472.jpg,obstacle
collected_data/20240804_191413081711.jpg,obstacle
collected_data/20240804_191413594806.jpg,obstacle
collected_data/20240804_191414003396.jpg,obstacle
collected_data/20240804_191414413126.jpg,obstacle
collected_data/20240804_191414821618.jpg,obstacle
collected_data/20240804_191415333853.jpg,obstacle
collected_data/20240804_191415744955.jpg,obstacle
collected_data/20240804_191510963555.jpg,obstacle
collected_data/20240804_191511450597.jpg,obstacle
collected_data/20240804_191511757688.jpg,obstacle
collected_data/20240804_191512167081.jpg,obstacle
collected_data/20240804_191512476396.jpg,obstacle
collected_data/20240804_191512781469.jpg,obstacle
collected_data/20240804_191513190668.jpg,obstacle
collected_data/20240804_191513601969.jpg,obstacle
collected_data/20240804_191513909044.jpg,obstacle
collected_data/20240804_191514215646.jpg,obstacle
collected_data/20240804_191514522280.jpg,obstacle
collected_data/20240804_191514932073.jpg,obstacle
collected_data/20240804_191515141873.jpg,obstacle
collected_data/20240804_191515752875.jpg,obstacle
collected_data/20240804_191516059309.jpg,obstacle
collected_data/20240804_191516365779.jpg,obstacle
collected_data/20240804_191516673478.jpg,obstacle
collected_data/20240804_191516854372.jpg,obstacle
collected_data/20240804_191517185028.jpg,obstacle
collected_data/20240804_191517492608.jpg,obstacle
collected_data/20240804_191517801758.jpg,obstacle
collected_data/20240804_191518195725.jpg,obstacle
collected_data/20240804_191518596703.jpg,obstacle
collected_data/20240804_191518999551.jpg,obstacle
collected_data/20240804_191519400367.jpg,obstacle
collected_data/20240804_191519802090.jpg,obstacle
collected_data/20240804_191520204800.jpg,obstacle
collected_data/20240804_191520604502.jpg,obstacle
collected_data/20240804_191521007034.jpg,obstacle
collected_data/20240804_191521409205.jpg,obstacle
collected_data/20240804_191521811021.jpg,obstacle
collected_data/20240804_191522212506.jpg,obstacle
collected_data/20240804_191610577299.jpg,obstacle
collected_data/20240804_191610977252.jpg,obstacle
collected_data/20240804_191611381368.jpg,obstacle
collected_data/20240804_191611781346.jpg,obstacle
collected_data/20240804_191612185383.jpg,obstacle
collected_data/20240804_191612585718.jpg,obstacle
collected_data/20240804_191612985534.jpg,obstacle
collected_data/20240804_191613389308.jpg,obstacle
collected_data/20240804_191613789412.jpg,obstacle
collected_data/20240804_191614193708.jpg,obstacle
collected_data/20240804_191614593363.jpg,obstacle
collected_data/20240804_191614997330.jpg,obstacle
collected_data/20240804_191615397300.jpg,obstacle
collected_data/20240804_191615801300.jpg,obstacle
collected_data/20240804_191616201371.jpg,obstacle
collected_data/20240804_191616601441.jpg,obstacle
collected_data/20240804_191617004620.jpg,obstacle
collected_data/20240804_191617405463.jpg,obstacle
collected_data/20240804_191617809421.jpg,obstacle
collected_data/20240804_191618210357.jpg,obstacle
collected_data/20240804_191618613426.jpg,obstacle
collected_data/20240804_191619013470.jpg,obstacle
collected_data/20240804_191619415044.jpg,obstacle
collected_data/20240804_191619817353.jpg,obstacle
collected_data/20240804_191620217444.jpg,obstacle
collected_data/20240804_191620621413.jpg,obstacle
collected_data/20240804_191621021236.jpg,obstacle
collected_data/20240804_191621425496.jpg,obstacle
collected_data/20240804_191621825471.jpg,obstacle
collected_data/20240804_191622229890.jpg,obstacle
collected_data/20240804_191622629411.jpg,obstacle
collected_data/20240804_191638402266.jpg,obstacle
collected_data/20240804_191638802304.jpg,obstacle
collected_data/20240804_191639003710.jpg,obstacle
collected_data/20240804_191639619420.jpg,obstacle
collected_data/20240804_191639879128.jpg,obstacle
collected_data/20240804_191640232486.jpg,obstacle
collected_data/20240804_191640539462.jpg,obstacle
collected_data/20240804_191640846865.jpg,obstacle
collected_data/20240804_191641079729.jpg,obstacle
collected_data/20240804_191641467444.jpg,obstacle
collected_data/20240804_191641768868.jpg,obstacle
collected_data/20240804_191642178160.jpg,obstacle
collected_data/20240804_191642793066.jpg,obstacle
collected_data/20240804_191643920044.jpg,obstacle
collected_data/20240804_191644226287.jpg,obstacle
collected_data/20240804_191644637296.jpg,obstacle
collected_data/20240804_191644913979.jpg,obstacle
collected_data/20240804_191646683911.jpg,obstacle
collected_data/20240804_191646994006.jpg,obstacle
collected_data/20240804_191647298306.jpg,obstacle
collected_data/20240804_191647605521.jpg,obstacle
collected_data/20240804_191647807167.jpg,obstacle
collected_data/20240804_191648220333.jpg,obstacle
collected_data/20240804_191648463196.jpg,obstacle
collected_data/20240804_191649039082.jpg,obstacle
collected_data/20240804_191649448397.jpg,obstacle
collected_data/20240804_191649904327.jpg,obstacle
collected_data/20240804_191716154335.jpg,obstacle
collected_data/20240804_191718020524.jpg,obstacle
collected_data/20240804_191718633778.jpg,obstacle
collected_data/20240804_191720682237.jpg,obstacle
collected_data/20240804_191722627110.jpg,obstacle
collected_data/20240804_191723446136.jpg,obstacle
collected_data/20240804_191723754114.jpg,obstacle
collected_data/20240804_191724121398.jpg,obstacle
collected_data/20240804_191724573154.jpg,obstacle
collected_data/20240804_191724851719.jpg,obstacle
collected_data/20240804_191725187652.jpg,obstacle
collected_data/20240804_191725495710.jpg,obstacle
collected_data/20240804_191725904989.jpg,obstacle
collected_data/20240804_191726210976.jpg,obstacle
collected_data/20240804_191726522900.jpg,obstacle
collected_data/20240804_191726826171.jpg,obstacle
collected_data/20240804_191727139306.jpg,obstacle
collected_data/20240804_191727439625.jpg,obstacle
collected_data/20240804_191727747238.jpg,obstacle
collected_data/20240804_191728157696.jpg,obstacle
collected_data/20240804_191742257102.jpg,obstacle
collected_data/20240804_191742660951.jpg,obstacle
collected_data/20240804_191743061040.jpg,obstacle
collected_data/20240804_191743460972.jpg,obstacle
collected_data/20240804_191743864909.jpg,obstacle
collected_data/20240804_191744265021.jpg,obstacle
collected_data/20240804_191744669036.jpg,obstacle
collected_data/20240804_191745069065.jpg,obstacle
collected_data/20240804_191745472982.jpg,obstacle
collected_data/20240804_191745873092.jpg,obstacle
collected_data/20240804_191746267860.jpg,obstacle
collected_data/20240804_191746677073.jpg,obstacle
collected_data/20240804_191747077049.jpg,obstacle
collected_data/20240804_191747481914.jpg,obstacle
collected_data/20240804_191747881040.jpg,obstacle
collected_data/20240804_191748285020.jpg,obstacle
collected_data/20240804_191748684341.jpg,obstacle
collected_data/20240804_191749089022.jpg,obstacle
collected_data/20240804_191749488991.jpg,obstacle
collected_data/20240804_191750480531.jpg,obstacle
collected_data/20240804_191751402518.jpg,obstacle
collected_data/20240804_191751527487.jpg,obstacle
collected_data/20240804_191751812798.jpg,obstacle
collected_data/20240804_191751921244.jpg,obstacle
collected_data/20240804_191759665229.jpg,obstacle
collected_data/20240804_191800074051.jpg,obstacle
collected_data/20240804_191800474038.jpg,obstacle
collected_data/20240804_191800878133.jpg,obstacle
collected_data/20240804_191801278007.jpg,obstacle
collected_data/20240804_191801678047.jpg,obstacle
